surface,type,paths,current_issue,recommendation,rationale,priority,plugin_impact,visual_impact,interaction_impact
Shell root,layout,apps/web/src/app/Root.tsx,"Good shell base, but route-local and diagnostic concerns are not yet clearly separated.","Stabilize a 5-zone shell: top bar, activity rail, center workspace, inspector, diagnostics panel.",A professional product needs fixed grammar before adding more features.,P0,medium,high,high
Top app bar,global chrome,apps/web/src/app/components/TopAppBar.tsx; apps/web/src/app/components/topAppBar/*,"Overloaded with workspace selectors, connection state, git ref, panel toggles, focus mode and grid controls.","Keep only global identity, status, quick switch and global actions; move route-local controls down.",Users should not parse route-local mechanics in the same visual band as product identity.,P0,medium,high,high
Left navigation,primary navigation,apps/web/src/app/components/LeftNavigation.tsx; apps/web/src/app/routes.ts; apps/web/src/app/shell/useShellRuntime.ts,Current core nav risks fragmenting the workflow into too many top-level destinations.,"Keep an icon-first activity rail, but simplify core task families and group core/extended/admin.","Primary navigation should reflect task model, not implementation detail.",P0,high,medium,high
Shell health surfaces,status,apps/web/src/app/components/ShellHealthBanner.tsx; apps/web/src/app/components/topAppBar/TopAppBarConnectionStatus.tsx,Status exists in more than one place but hierarchy between summary and interruptive banner can be sharpened.,Use top bar for compact summary and banner only when action or degraded context matters.,"State communication should be layered, not duplicated.",P1,low,medium,medium
View header,route template,apps/web/src/app/components/domain/ViewHeader.tsx,"Useful composite exists, but route-level grammar is not fully standardized around it.","Turn ViewHeader into the canonical route header with title, subtitle, status and actions.",Shared route framing raises consistency fast with low code churn.,P0,medium,high,medium
Canvas entry,route composition,apps/web/src/app/views/Canvas.tsx,Canvas is central but still behaves more like one graph route than a full workspace.,Treat Canvas as the operational workbench entry and host contextual tabs from here.,"The graph is the map; the user task extends into code, diff, artifacts and runtime.",P1,high,medium,high
Canvas shell,layout,apps/web/src/app/views/canvas/CanvasShell.tsx,"Strong three-pane baseline, but not yet the canonical workbench template for the product.",Promote it to the canonical workbench shell with tab strip and diagnostics integration.,"The strongest existing layout should become the product standard, not remain route-specific.",P0,high,medium,high
Canvas toolbar,local controls,apps/web/src/app/views/canvas/CanvasToolbar.tsx,Mixed responsibilities and raw visual styling; some controls compete with top-bar controls.,Limit this toolbar to route-local actions and plugin toolbar slots.,"Users should know whether a control affects the workspace, the route, or only the graph.",P0,high,medium,high
Canvas viewport,graph surface,apps/web/src/app/views/canvas/CanvasViewport.tsx; apps/web/src/styles/index.css,"Grid, minimap and controls are functional but still visually noisy and partly hardcoded.","Quiet the grid, token-bridge React Flow chrome, and add saved views / frames / zones.","Large-board work needs wayfinding, not decoration.",P0,high,high,high
Explorer panel,navigation within route,apps/web/src/app/components/DbtExplorer.tsx,Explorer exists but should become a stronger task-oriented navigator for large graphs.,"Add filters, sections, recent focus points and saved views.",Large boards need secondary navigation beyond pan/zoom.,P1,medium,medium,high
Inspector panel,contextual detail,apps/web/src/app/components/InspectorPanel.tsx; plugin inspector contributions,Context surface exists but needs a clearer panel grammar and hierarchy.,Standardize summary/runtime/sql/lineage/plugin panel order and affordances.,Context panels should answer specific questions in predictable places.,P1,high,medium,high
Runs view,operational route,apps/web/src/app/views/RunsView.tsx; apps/web/src/app/views/runs/*,Needs more density and a stronger list/detail or table/detail pattern.,"Move toward a split cockpit: filters, run list/table, detail, timeline, diagnostics.","Monitoring and triage work benefit from dense, comparable layouts.",P1,medium,high,high
Console / diagnostics,bottom panel,apps/web/src/app/components/Console.tsx,"Useful bottom drawer, but too narrowly framed as a console and limited in API mode.","Convert it into a diagnostics workspace with tabs for Events, Logs, Problems and Output.","Bottom panels should aggregate runtime signal, not be one single-purpose surface.",P0,high,medium,high
Code view,code surface,apps/web/src/app/views/CodeView.tsx; apps/web/src/app/views/code/*,"Standalone route works, but breaks the natural graph-to-code workflow into another destination.","Keep route support, but prefer contextual opening in tabs from node or run context.","Users usually want code of something, not the generic idea of a code screen.",P1,high,medium,high
Diff view,comparison surface,apps/web/src/app/views/DiffView.tsx; apps/web/src/app/views/diff/*,"Good capability, but route-level separation adds context switching.","Retain route, but move the main usage pattern toward contextual compare tabs and route header standardization.","Diff is usually subordinate to a selected artifact, node or run.",P1,high,medium,high
Artifacts view,catalog + preview,apps/web/src/app/views/ArtifactsView.tsx; apps/web/src/app/views/artifacts/*,"Useful route, but still visually and structurally closer to a composed screen than a polished catalog surface.",Adopt a left catalog + right preview grammar and unify tokens.,Artifact work benefits from stable browse/preview anatomy.,P1,medium,high,medium
Plugins view,extension manager,apps/web/src/app/views/PluginsView.tsx,"Strong diagnostic data, but not yet productized as an extension manager.",Convert to a searchable plugin catalog/table with details drawer and compatibility truth model.,"Pluginization should be visible as product capability, not only as technical introspection.",P0,high,high,high
Admin view,control center,apps/web/src/app/views/AdminView.tsx; apps/web/src/app/views/admin/*,"Tabs exist, but the surface can become denser and more operationally legible.",Use stronger table/detail patterns and tighter route header/filter grammar.,Administrative tasks tend to be high-density and search/filter heavy.,P2,low,medium,medium
Plugin manifest contract,frontend plugin seam,apps/web/src/app/plugins/contracts/PluginManifest.ts,"Excellent base, but missing richer route metadata, bottom panel hooks and command palette contributions.","Extend the contract with route-header, command palette and diagnostics contribution surfaces.","As plugin count grows, UX docking must be explicit, not implicit.",P1,high,medium,high
Plugin registry,composition root,apps/web/src/app/plugins/registry.ts; apps/web/src/app/shell/shellRuntimeModel.ts,"Technically strong, but should expose clearer grouping semantics for product navigation and workbench placement.","Keep app-first composition and add metadata for route family, preferred dock and maturity.","The registry should drive UX consistency, not just code discoverability.",P1,high,medium,high
dbt contributions,plugin navigation,apps/web/src/app/plugins/dbt/dbtContributions.ts,"Canvas, Lineage, Code and Diff all appear as core views, which risks over-fragmenting the primary nav.",Keep Canvas and Lineage core; evaluate demoting Code and Diff into contextual tabs or secondary navigation.,"Primary navigation should reflect task families, not every subordinate surface.",P0,high,medium,high
monitoring contributions,plugin runtime overlays,apps/web/src/app/plugins/monitoring/monitoringContributions.ts,"Good runtime overlays and badges exist, but their output is still spread between routes and console.",Extend monitoring toward diagnostics panel tabs and richer route integration.,Runtime signal should aggregate into a coherent operational story.,P1,high,medium,high
Theme tokens,design system,apps/web/src/styles/theme.css,"Semantic token base is already good, but not yet the true authority everywhere.",Expand semantic tokens and make views consume them consistently.,A professional theme system only works when code stops bypassing it.,P0,medium,high,medium
Global CSS,styling bridge,apps/web/src/styles/index.css,Decorative gradients and React Flow hardcodes introduce extra noise and reduce theme governability.,Reduce decoration and convert raw values into token-driven styling.,A workbench should emphasize content surfaces over decorative atmosphere.,P0,low,high,medium
Monaco code surface,editor integration,apps/web/src/app/components/monaco/MonacoCodeSurface.tsx,Still effectively tied to a generic `vs-dark` editor identity.,Define a stable DVT Monaco theme and align container tokens and typography.,Editor surfaces should look native to the product.,P0,medium,high,medium
Monaco diff surface,editor integration,apps/web/src/app/components/monaco/MonacoDiffSurface.tsx,Same theme and integration issue as the code surface.,Apply the same DVT Monaco theme strategy and size tokens.,Diff and code need one cohesive language inside the workbench.,P0,medium,high,medium
Monaco viewer fallback,placeholder styling,apps/web/src/app/components/monaco/MonacoViewerFallback.tsx,Fallback container and colors are hardcoded and generic.,"Tokenize container background, border and default heights.",Fallback states should still look first-class.,P2,low,medium,low
UI layout store,state,apps/web/src/app/stores/uiLayoutStore.ts,"Strong persisted layout store, but it still carries `activeTabs` alongside layout concerns.","Keep layout persistence here, but move content/workbench tab lifecycle into its own store.",Layout and content tabs are different concerns.,P1,medium,low,high
Session store,state / composition boundary,apps/web/src/app/stores/sessionStore.ts,Runtime mode/bootstrap config is still read at store module level.,Move runtime mode decisions back toward a single composition boundary.,This aligns the codebase with the frontend boundary architecture goals.,P1,low,low,medium
Canvas interaction store,state,apps/web/src/app/stores/canvasInteractionStore.ts,"Useful persisted canvas state exists, but it does not yet model saved views or large-board navigation aids.","Extend it with saved views, focus presets, frame visibility and selection history where appropriate.",Repeated board work depends on memory and quick recall.,P2,medium,low,high
Legacy app store,state,apps/web/src/app/stores/appStore.ts,Still present as a deprecated monolithic facade.,Do not extend it; continue the split by concern.,"Professionalization requires stronger ownership boundaries, not a bigger god store.",P1,low,low,medium
Web package scripts,delivery / docs alignment,apps/web/package.json,"Current package now ships `test`, but some docs still talk as if there were no package-level test command.",Update docs and rollout language to match the real package surface.,Product and engineering confidence depend on truthful docs.,P2,low,low,low
